{
	"16": 1.11266,
	"18": 0.819021,
	"20": 0.735254,
	"22": 0.609379,
	"24": 0.357853,
	"25": 0.367571,
	"26": 0.304746,
	"28": 0.203126,
	"29": 0.152354,
	"31": 0.101582,
	"33": 0.0761205,
	"35": 0.0609416,
	"52": 1.53194,
	"54": 1.36418
}